date_added,company_name,company_website,date_removed
2026-04-22,100% Renewables,https://100percentrenewables.com.au/,
2026-04-22,"140 Sussex Street, Sydney",,
2026-04-22,2XE,https://2xe.com.au/,
2026-04-22,Abacus Group,https://abacusgroup.com.au/,
2026-04-22,ActewAGL,https://www.actewagl.com.au/,
2026-04-22,Active Utilities,https://activeutilities.com.au/,
2026-04-22,Adbri Pty Limited,,
2026-04-22,Adelaide Hills O&G,https://www.adelaidehillsoandg.com/,2026-04-27
2026-04-22,Adelina Wines,https://adelina.com.au/,
2026-04-22,Adhere Promotions Pty Ltd,https://www.adherepromotions.com,
2026-04-22,AEW - building portfolio,https://www.aew.com/,
2026-04-22,AGL,https://www.agl.com.au/about-agl/sustainability,
2026-04-22,Alberts,https://www.alberts.co/,
2026-04-22,Alinta Energy,https://www.alintaenergy.com.au/,
2026-04-22,AMD,https://amdonline.com.au/,
2026-04-22,Ampol Limited,https://www.ampol.com.au/about-ampol/sustainability/future-energy,
2026-04-22,Ant Packaging,https://www.antpackaging.com.au/,
2026-04-22,AP Group,http://www.apgroup.com.au/,
2026-04-22,APD Projects,https://apdprojects.com.au/,
2026-04-22,APN Property Group - building portfolio,https://apngroup.com.au/sustainability/,
2026-04-22,Applied Environment & Safety,https://appliedes.com.au/certified-carbon-neutral-company/,
2026-04-22,ARA - building,,
2026-04-22,Architectus,https://architectus.com.au/,
2026-04-22,Arinex,,
2026-04-22,Ark Resources,https://arkresources.com.au,
2026-04-22,Ashbridge Capital,https://ashbridge.com.au,
2026-04-22,ASI Solutions,https://www.asi.com.au,
2026-04-22,Austral Bricks,https://australbricks.com.au/,
2026-04-22,Austral Fisheries,https://www.australfisheries.com.au/sustainability,
2026-04-22,Australian Accident Management Commercial,https://www.aamc.com.au/,
2026-04-22,Australian Essential Services Group,https://www.aesg.com.au/,
2026-04-22,Australian Museum,https://australian.museum/,
2026-04-22,Australian Mutual Bank,https://australianmutual.bank/,
2026-04-22,Australian Red Cross Lifeblood,https://www.lifeblood.com.au/,
2026-04-22,Australian Tourism Exchange,https://events.tourism.australia.com/ate24/,
2026-04-22,Automic Group,https://www.automicgroup.com.au/,
2026-04-22,Aware Real Estate,https://aware.com.au/,
2026-04-22,Bank Australia,https://www.bankaust.com.au/responsible-banking/planet/environmental-policy/,
2026-04-22,Barangaroo,https://www.barangaroo.com/,
2026-04-22,Barro Group,https://barro.com.au/,
2026-04-22,Bastion Agency Global,https://au.bastionagency.com/,
2026-04-22,Bates Smart Architects,https://www.batessmart.com/,
2026-04-22,Bateup Consulting,https://www.bateupconsulting.com.au,
2026-04-22,Battleground Group,https://www.battleground.com.au/,
2026-04-22,Belconnen Arts Centre,https://www.belcoarts.com.au/,
2026-04-22,Bence Mulcahy Unit Trust,https://bencemulcahy.com.au/,
2026-04-22,BGIS Pty Ltd,https://apac.bgis.com/,
2026-04-22,Bianca Spender,https://biancaspender.com/,
2026-04-22,Big Springs Water,https://bigspringswater.com.au/,
2026-04-22,Black & More,https://www.blackm.com,
2026-04-22,Blacktown City Council,https://www.blacktown.nsw.gov.au/,
2026-04-22,Blue Connections IT,https://www.blueconnections.com.au/,
2026-04-22,BlueScope,https://www.bluescope.com/,
2026-04-22,Bodriggy Brewing Company,https://www.bodriggy.beer/,
2026-04-22,Boral,https://www.boral.com.au/sustainability,
2026-04-22,Brand Architects,https://www.brandarchitects.com.au/,
2026-04-22,Bridgeclimb Sydney,https://www.bridgeclimb.com/,
2026-04-22,Brookfield Properties,https://www.brookfieldproperties.com/en/,
2026-04-22,Buchan,,
2026-04-22,Business Events Sydney,https://www.besydney.com.au/,
2026-04-22,BVN Architecture,http://www.bvn.com.au/,
2026-04-22,C-Wise,,
2026-04-22,Caffco Industries Pty Ltd,https://www.caffcointernational.com/,
2026-04-22,CARAS,https://www.caras.com.au/,
2026-04-22,Carbon Market Institute,http://www.carbonmarketinstitute.org/,
2026-04-22,Carbon Neutral Pty Ltd,https://carbonneutral.com.au/,
2026-04-22,Caribbean Gardens,https://caribbeanpark.com/,
2026-04-22,Casino Hide Tanners,http://www.thecasinofoodcoop.com.au/,
2026-04-22,Caterlink,https://caterlink.com.au/,
2026-04-22,CATO Location Services,https://www.catolocationservices.com.au,
2026-04-22,CBL Markets,https://xpansiv.com/cbl/,
2026-04-22,CBRE,https://www.cbre.com.au/,
2026-04-22,Cbus Property,https://cbusproperty.com.au/,
2026-04-22,Charles Sturt University,https://www.csu.edu.au/csugreen/about-us/carbon-neutral-university,
2026-04-22,China Construction Bank Corporation,http://au.ccb.com/sydney/en/index.html,
2026-04-22,Choice Hotels Asia-Pac,https://www.choicehotels.com,
2026-04-22,City of Brisbane Investment Corporation - building portfolio,https://cbic.com.au/,
2026-04-22,City of Melbourne,https://www.melbourne.vic.gov.au/about-council/vision-goals/eco-city/Pages/carbon-neutral-operations.aspx,
2026-04-22,City of Parramatta,https://www.cityofparramatta.nsw.gov.au/,
2026-04-22,City of Subiaco,https://www.subiaco.wa.gov.au/,
2026-04-22,City of Sydney,https://www.cityofsydney.nsw.gov.au/vision/sustainable-sydney-2030/sustainability/carbon-reduction/carbon-neutral,
2026-04-22,City of Yarra,https://www.yarracity.vic.gov.au/about-us/sustainability-initiatives,
2026-04-22,CK Architecture,https://www.architectureck.com.au,
2026-04-22,Clarence Property,https://clarenceproperty.com.au/,
2026-04-22,Climate Friendly,https://climatefriendly.com/,
2026-04-22,CO2 Australia,https://www.co2australia.com.au,
2026-04-22,Coles,https://www.coles.com.au/,
2026-04-22,Colliers,https://www.colliers.com.au/en-au,
2026-04-22,Commonwealth Superannuation Corporation,https://www.csc.gov.au/,
2026-04-22,Conscious Investment Management,https://www.consciousinvest.com.au/,
2026-04-22,Cool Ridge - Asahi Beverages,https://coolridge.com.au/,
2026-04-22,Cooper Energy,https://www.cooperenergy.com.au/,
2026-04-22,Copia Investment Partners,https://www.copiapartners.com.au/,
2026-04-22,Copperhead Sandalwood,https://www.copperheadsandalwood.com/,
2026-04-22,Core Projects,https://www.coreprojects.com.au,
2026-04-22,Corinda State High School,https://corindashs.eq.edu.au/,
2026-04-22,Corrs Chambers Westgarth,https://corrs.com.au/,
2026-04-22,Corval,https://www.corval.com.au/,
2026-04-22,COX Architecture,https://www.coxarchitecture.com.au/,
2026-04-22,Credit Suisse,https://www.credit-suisse.com/au/en.html,
2026-04-22,Cromwell,https://www.cromwellpropertygroup.com/sustainability,
2026-04-22,CRRC Times Electric Australia,https://www.crrcgc.cc/zicen/g2824/s31518/t278587.aspx,2026-05-04
2026-04-22,Cue,https://www.cue.com,
2026-04-22,Dahms Technik,https://www.dahmstechnik.com/,
2026-04-22,Daryl Jackson Alastair Swayn,https://www.djas.com.au/,
2026-04-22,Decarbonology,https://www.decarbonology.com/,
2026-04-22,DesignInc,https://www.designinc.com.au/,
2026-04-22,Development Victoria,https://www.development.vic.gov.au/,
2026-04-22,Dexus Property Group,https://www.dexus.com/,
2026-04-22,DHL Express Australia,https://www.dhl.com/au-en/home.html,
2026-04-22,Dick Johnson Racing,https://djr.com.au/,
2026-04-22,Direct Connect,https://www.directconnect.com.au/,
2026-04-22,Donor Republic,https://donorrepublic.com.au/,
2026-04-22,dsquared Consulting,https://www.dsquaredconsulting.com.au/,
2026-04-22,DTMF Group,https://dtmfgroup.com.au,
2026-04-22,Duo Projects,https://duoprojects.com.au/,
2026-04-22,E-Smart Solar,https://www.esmartsolar.com.au/,
2026-04-22,Earth Sanctuary,http://www.earth-sanctuary.com.au/,
2026-04-22,ebm-papst,https://www.ebmpapst.com/au/en/home.html,
2026-04-22,EC FOCUS Pty Ltd,https://www.ecfocus.com.au/,
2026-04-22,Eco-Green Garden Care,https://www.ecogreengardencare.com.au/,
2026-04-22,Ecocene,https://www.ecocene.com/,
2026-04-22,Ecotrain,https://ecotrain.com.au/,
2026-04-22,Ecovantage,https://www.ecovantage.com.au/,
2026-04-22,Education Services Australia,https://www.esa.edu.au/,
2026-04-22,Elanor,https://www.elanorinvestors.com/,
2026-04-22,Elgas,https://www.elgas.com.au/,
2026-04-22,Elysium Digital,https://elysiumdigital.com.au/,
2026-04-22,EMAC Constructions,https://www.emac.net.au/,
2026-04-22,Energy Australia,https://www.energyaustralia.com.au/home/bills-and-accounts/go-neutral,2026-05-04
2026-04-22,EnergyLink Services,https://www.energylinkservices.com.au/,
2026-04-22,Engenicom Pty Ltd,https://www.engenicom.com.au/,
2026-04-22,ENGIE,https://engie.com.au/residential/energy-efficiency/carbon-neutral,
2026-04-22,Enterprise Architectural,https://www.enterprisearchitectural.com.au,
2026-04-22,Enviro Plant Hire,https://www.enviroplanthire.com.au/,
2026-04-22,Erbas & Associates,https://www.erbas.com.au/,
2026-04-22,ESR,,
2026-04-22,Essence Project Management,https://essencepm.com.au/,
2026-04-22,Evalue8 Sustainability,https://evalue8.net/,
2026-04-22,Everclime,https://everclime.com/,
2026-04-22,Evo labs Pty Ltd,https://www.evohair.com/au/,
2026-04-22,felix Mobile,https://felixmobile.com.au/register,
2026-04-22,Finity Consulting,https://www.finity.com.au/,
2026-04-22,Firelight Festival,https://firelight.melbourne.vic.gov.au/,
2026-04-22,Flag Asset Management Pty Ltd,https://flaggroup.com.au,
2026-04-22,Floating Solutions Consulting,https://www.floatingsolutions.consulting/,
2026-04-22,Floth,https://www.floth.com.au/,
2026-04-22,Fortitude Investment Partners,https://www.fortitudeinvest.com.au/,
2026-04-22,Four Pillars,https://www.fourpillarsgin.com/,
2026-04-22,Frasers Hospitality,https://www.frasershospitality.com/en/,
2026-04-22,Frasers Property Australia - building portfolio,https://www.frasersproperty.com.au/a-different-way,
2026-04-22,FRED St,https://fredst.com/,
2026-04-22,FTA Coffee,https://www.ftacoffee.com.au/,
2026-04-22,Full Circle Design Services Pty Ltd,https://www.fcds.com.au /,
2026-04-22,Fuller Brand Communication,https://fuller.com.au/,
2026-04-22,Fusion HVAC Australia Pty Limited,,
2026-04-22,Future Group,https://www.futuresuper.com.au/,
2026-04-22,G&C Mutual Bank Limited,,
2026-04-22,Gadens Lawyers,https://www.gadens.com/,
2026-04-22,Galpins,https://www.galpins.com.au/,
2026-04-22,Gibson Architects,https://www.gibsonarchitects.com.au/,
2026-04-22,Gilbert + Tobin,https://www.gtlaw.com.au/news/gilbert-tobin-ncos-certified-carbon-neutral-becomes-one-only-two-law-firms-australia-achieve,
2026-04-22,GJK Facility Services,https://gjkfacilityservices.com.au/,
2026-04-22,Godfrey Hirst,https://www.ghcommercial.com/sustainability/resource-stewardship,
2026-04-22,Goodman Group,https://www.goodman.com/,
2026-04-22,Goodtel,,
2026-04-22,GPT - Australian Capital Territory,https://www.gpt.com.au/property,
2026-04-22,GPT - New South Wales,https://www.gpt.com.au/property,
2026-04-22,GPT - Organisation and Product,https://www.gpt.com.au/property,
2026-04-22,GPT - Queensland,https://www.gpt.com.au/property,
2026-04-22,GPT - Victoria,https://www.gpt.com.au/property,
2026-04-22,GPT - Western Australia,https://www.gpt.com.au/property,
2026-04-22,Great Southern Bank,https://www.greatsouthernbank.com.au/,
2026-04-22,Green Moves Australia,http://www.greenmoves.com.au/,
2026-04-22,Greening Australia,https://www.greeningaustralia.org.au/,
2026-04-22,Greenstar Group,https://www.greenstargroup.com.au/,
2026-04-22,Grosvenor Place Pty Ltd,https://work-culture.com.au/,
2026-04-22,Growthpoint Properties Australia,https://growthpoint.com.au/,
2026-04-22,Gunlake Concrete NSW,https://www.gunlake.com.au/,
2026-04-22,GURNER™,https://www.gurner.com.au/,
2026-04-22,Guymer Bailey Architects,https://www.guymerbailey.com.au/,
2026-04-22,H.S.K Ward Proprietary,,
2026-04-22,Habitat House,https://www.aprilgroup.com.au/commercial/habitat-house/,
2026-04-22,Hairjamm,https://hairjamm.com/,
2026-04-22,Hallett Group,https://www.hallett.com.au,
2026-04-22,Hamton,http://www.hamton.com.au/,
2026-04-22,Hardwicks Meat Works,,
2026-04-22,Hassell,https://hassellstudio.com,
2026-04-22,Heartwood Natural Harmony,http://heartwoodco.com.au/,
2026-04-22,Heidelberg Materials Australia Group Pty Ltd,https://www.hanson.com.au/,
2026-04-22,Heli-Muster (NT) Pty Ltd,https://www.hmair.com.au/,
2026-04-22,Hesperia,https://www.hesperia.com.au/,
2026-04-22,Hewitt,https://hewittfoods.com/,2026-05-04
2026-04-22,Hill Thalis Architecture + Urban Projects,https://www.hillthalis.com.au/,
2026-04-22,HILT CRC,https://hiltcrc.com.au/,
2026-04-22,HIP V. HYPE,https://www.hipvhype.com/,
2026-04-22,Hobsons Bay City Council,https://www.hobsonsbay.vic.gov.au/,
2026-04-22,Holcim,https://www.holcim.com.au/,
2026-04-22,Holt & Hart,,
2026-04-22,HONE,https://www.honebuilt.com.au/,
2026-04-22,Horizon Bank,https://www.horizonbank.com.au,
2026-04-22,Howatson + Company,https://howatsonco.com.au/,
2026-04-22,Hub Australia,https://www.hubaustralia.com/,
2026-04-22,Hydroflux,,
2026-04-22,Hydroflux Epco,https://www.hydrofluxepco.au/,
2026-04-22,Hydroflux Industrial,https://www.hydrofluxindustrial.au/,
2026-04-22,Hydroflux Utilities,https://www.hydrofluxutilities.au/,
2026-04-22,Hyperion Asset Management Limited,https://www.hyperion.com.au/,
2026-04-22,IMB Bank,https://www.imb.com.au/,
2026-04-22,Impact Investment Group,https://www.impact-group.com.au/,
2026-04-22,In Hearts Wake,https://inheartswake.com/,
2026-04-22,Indigenous Design Environmental Management,https://www.iddesign.com.au/,
2026-04-22,Industree Group,https://www.industree.com.au,
2026-04-22,Infinitev Australia Pty Limited,https://infinitev.au/,
2026-04-22,Inghams Enterprises Pty Limited,https://www.marionbaytasmania.com.au,
2026-04-22,inke Packaging,https://inke.com.au/,
2026-04-22,Insite Architects,https://www.insitearchitects.com.au/,
2026-04-22,International Lubricant Distributors,https://sinopeconline.com.au/wa/about-ild,
2026-04-22,Invesco Australia Limited,https://www.invesco.com.au/home,
2026-04-22,Investa,https://www.investa.com.au/,
2026-04-22,Irongate Group,https://irongategroup.com.au/,
2026-04-22,ISPT,https://ispt.net.au/esg/,
2026-04-22,J.R Fitzgerald & R.L Halpern,,
2026-04-22,Jackson Clements Burrows Architects,https://jcba.com.au/,
2026-04-22,JANA Investment Advisers,https://jana.com.au/,
2026-04-22,JBA Consulting Engineers,https://www.jba.com.au/,
2026-04-22,Jensen PLUS,https://www.jensenplus.com.au/,
2026-04-22,Johnson Pilton Walker,https://jpw.com.au/,
2026-04-22,Jolt Charge,https://jolt.com.au/,
2026-04-22,JPE Design Studio,https://www.jpe.com.au/,
2026-04-22,Jubilee Place,,
2026-04-22,Kador,,
2026-04-22,Katestone Environmental,https://katestone.global/,
2026-04-22,Keppel REIT,https://www.keppelreit.com/,
2026-04-22,Kerleys Coastal Real Estate,https://www.kerleys.com.au/,
2026-04-22,Kerstin Thompson Architects,https://kerstinthompson.com/,
2026-04-22,Kilcoy Global Foods,https://www.kilcoyglobalfoods.com/,
2026-04-22,Kilter Rural,https://www.kilterrural.com,
2026-04-22,Kimberley Marine Support Base,https://www.kmsb.com.au/,
2026-04-22,Kinglake Distillery,https://kinglakedistillery.com.au/,
2026-04-22,Knauf Gypsum Pty Limited,https://www.knauf.com/en-AU/,
2026-04-22,KPI Group,https://kpiconstruction.com.au/,
2026-04-22,KPMG,https://home.kpmg/au/en/home.html,
2026-04-22,La Trobe Financial,https://www.latrobefinancial.com.au/,
2026-04-22,La Trobe University,https://www.latrobe.edu.au/,
2026-04-22,Lake Moodemere Estate,https://www.moodemerewines.com.au/,
2026-04-22,Landen Property Group,https://landen.com.au/,
2026-04-22,Lander & Rogers,https://www.landers.com.au/ ,
2026-04-22,LaSalle Investment Management,https://www.lasalle.com/country/australia,
2026-04-22,Lendlease,,
2026-04-22,Licht Architecture,https://www.lichtarchitecture.com.au/,
2026-04-22,Lifecycles Strategies,https://www.lifecycles.com.au/,
2026-04-22,Linfox Property Group,,
2026-04-22,Lion,https://www.brewsnews.com.au/2020/05/13/lion-australias-first-large-scale-carbon-neutral-brewer/,
2026-04-22,Local Government Property Fund,,
2026-04-22,Local: Residential,https://localresidential.com.au/,
2026-04-22,Loop Organics,https://looporganics.com.au/,
2026-04-22,Losee Consulting,https://loseeconsulting.com.au/,
2026-04-22,Lucid Consulting Australia,https://lucidconsulting.com.au/,
2026-04-22,Lumo Energy,https://www.lumoenergy.com.au/,
2026-04-22,LVMH Fashion Group Australia,https://www.lvmh.com/,
2026-04-22,LVP,https://www.liverpoolpartners.com/,
2026-04-22,m3architecture,https://www.m3architecture.com,
2026-04-22,Mackenzie Marine & Towage Pty Ltd,https://www.mackenziemarineandtowage.com.au/,
2026-04-22,made by Fressko,https://www.madebyfressko.com,
2026-04-22,Man of Many,https://manofmany.com/,
2026-04-22,Mantel Group,https://mantelgroup.com.au/,
2026-04-22,Matteau,http://www.matteau-store.com/,
2026-04-22,Matter Consulting,,
2026-04-22,MaxCap Group,https://maxcapgroup.com.au/,
2026-04-22,Medibank Private,https://www.medibank.com.au/livebetter/newsroom/post/medibank-achieves-carbon-neutral-goal,
2026-04-22,Melbourne Cricket Club,https://mcc.org.au/,
2026-04-22,Melbourne Fashion Week,https://mfw.melbourne.vic.gov.au/?gclid=EAIaIQobChMIs6DVzKD-gQMVYSqDAx0A2gHtEAAYASAAEgLWMfD_BwE,
2026-04-22,Mental Health First Aid International,https://www.mhfa.com.au/,
2026-04-22,Metem,https://www.metem.com.au/,
2026-04-22,Mirvac,https://www.mirvac.com/,
2026-04-22,MobileMuster,https://www.mobilemuster.com.au/,
2026-04-22,Modern Motor Trimmers,https://www.mmtisri.com.au/,
2026-04-22,Monash Graduate Association,,
2026-04-22,Monford Group Pty Ltd,https://www.monfordgroup.com /,
2026-04-22,Moomba Festival,https://moomba.melbourne.vic.gov.au/,
2026-04-22,Moonee Valley City Council,https://mvcc.vic.gov.au/moonee-valley-goes-carbon-neutral/,
2026-04-22,MTA Energy Pty Ltd,https://www.mtaenergy.com/,
2026-04-22,Munro,https://www.munropartners.com.au/,
2026-04-22,MYOB,https://www.myob.com,
2026-04-22,Nation Partners,https://www.nationpartners.com.au/,
2026-04-22,National Australia Bank,https://www.nab.com.au/about-us/social-impact/environment/climate-change,
2026-04-22,Naturform Pty Ltd,https://www.naturform.com.au/,
2026-04-22,NettZero,https://www.nettzero.com.au,
2026-04-22,NEXTDC,https://www.nextdc.com/news/australias-first-data-centre-100-carbon-neutral-corporate-operations,
2026-04-22,NH Architecture,https://nharchitecture.net/,
2026-04-22,nib,https://www.nib.com.au/,
2026-04-22,Ninetwofive Interiors,https://ninetwofive.com.au/,
2026-04-22,NobleOak,https://www.nobleoak.com.au/,
2026-04-22,Nomad Coffee Group,https://www.nomadcoffeegroup.com.au/,
2026-04-22,Northmore Gordon,https://northmoregordon.com/,
2026-04-22,NovoH2O,https://novoh2o.com.au/,
2026-04-22,Now or Never Festival,https://nowornever.melbourne.vic.gov.au/,
2026-04-22,Oculus Landscape Architecture,https://www.oculus.info/,
2026-04-22,Office Solutions IT,https://www.officesolutionsit.com.au/,
2026-04-22,Oil2U,https://oil2u.com.au/,
2026-04-22,Olinda Spring Water,https://www.olindasprings.com.au/,
2026-04-22,Omnivision Pty Ltd,https://www.omnivision.net.au/,
2026-04-22,onemilegrid,https://www.onemilegrid.com.au/,
2026-04-22,Onslow Marine Support Base,http://omsb.com.au/,
2026-04-22,Origin,https://www.originenergy.com.au/about/sustainability/carbon-commitments.html,
2026-04-22,Pablo & Rusty's Coffee Roasters,https://pabloandrustys.com.au/,
2026-04-22,Pacific Blue Retail,https://www.pacificblue.com.au,
2026-04-22,Pangolin Associates,https://pangolinassociates.com/sustainability-services/ncos-carbon-neutrality/,
2026-04-22,Pella Funds Management,https://www.pellafunds.com,
2026-04-22,People First Bank,https://www.peoplefirstbank.com.au/,
2026-04-22,Perennial Partners,https://perennial.net.au/,
2026-04-22,Perpetual Corporate Trust,https://www.perpetual.com.au/,
2026-04-22,Perspektiv,https://www.perspektiv.com.au/,
2026-04-22,Peter Eustace & Associates,https://www.pece.com.au/,
2026-04-22,PharmOut,https://www.pharmout.net/,
2026-04-22,Phyto-Therapy,https://phytotherapy.com.au/,
2026-04-22,PIM Group Australia Pty Ltd,https://www.pimgroup.com.au/,
2026-04-22,Pinnacle Investment Management,https://pinnacleinvestment.com/,
2026-04-22,Police & Nurses Limited,https://www.pnbank.com.au/,
2026-04-22,Police Credit Union,https://www.policecu.com.au/,
2026-04-22,PolyNovo,https://au.polynovo.com/,
2026-04-22,Populous Design,https://populous.com/,
2026-04-22,Potentum Partners,https://www.potentumpartners.com/,
2026-04-22,Powershop,https://www.powershop.com.au/carbon-neutral/,
2026-04-22,Prime Super Pty Ltd,https://www.primesuper.com.au/member/,
2026-04-22,Pro-invest Group,https://www.proinvestgroup.com/,
2026-04-22,Programmed Offshore,https://programmed.com.au/,
2026-04-22,Project One Group,https://projectone.com.au/,
2026-04-22,Property NSW - building portfolio,,
2026-04-22,Protecht (Protecht Group Services),https://www.protechtgroup.com/en-au/,
2026-04-22,Protect Group,http://www.protect.net.au/CarbonNeutralInitiative,
2026-04-22,Providence Wealth Advisory Group,https://www.providencewealth.com.au,
2026-04-22,PS Financing SPV Pty Ltd,,
2026-04-22,Qantas,https://www.qantas.com/au/en/qantas-group/acting-responsibly/our-planet.html,
2026-04-22,QIC,,
2026-04-22,Qualitas,https://www.qualitas.com.au/,
2026-04-22,Quality Green Group,http://www.qualitygreengroup.com.au/,
2026-04-22,Quincy Hotel Melbourne,,
2026-04-22,Quintessential Equity,https://quintessential.com.au/,
2026-04-22,R&J Batteries Pty Ltd,https://www.rjbatt.com.au,
2026-04-22,Rawtec,,
2026-04-22,Real Utilities,https://www.frasersproperty.com.au/real-utilities/home,
2026-04-22,Realmont Property Partners,https://www.realmont.com.au/,
2026-04-22,Red Energy,https://www.redenergy.com.au/,
2026-04-22,RedZed,https://redzed.com/,
2026-04-22,Regal Innovations Pty Ltd,https://www.regalinnovations.com.au/,
2026-04-22,Rialto Towers,,
2026-04-22,Riverlee Management Pty Ltd,https://www.riverlee.com.au/,
2026-04-22,Rondo Building Services,,
2026-04-22,Ross Hill Wines,https://www.rosshillwines.com.au/about-us/carbon-neutral-certification/,
2026-04-22,SA Industry Climate Change Conference,,
2026-04-22,Safehouse Australia,https://elemera.au/,
2026-04-22,Sam Crawford Architects,https://samcrawfordarchitects.com.au/,
2026-04-22,Savage Design,https://www.savagedesign.com.au,
2026-04-22,Scenic World Blue Mountains,https://www.scenicworld.com.au/,
2026-04-22,Schramm Group,http://schrammgroup.com.au/,
2026-04-22,Scyne Advisory Pty Ltd,,
2026-04-22,Sensum,https://www.sensum.com.au/,
2026-04-22,Senversa,https://senversa.com.au/,
2026-04-22,SG Fleet,https://www.sgfleet.com/au,
2026-04-22,SHAPE Australia,https://shape.com.au/,
2026-04-22,Simplygreen Salary Packaging,https://simplygreen.com.au/,
2026-04-22,Siniat by Etex Australia,https://siniat.com.au/sustainability/,
2026-04-22,Slattery,https://slattery.com.au/,
2026-04-22,Smartways Logistics,https://smartwayslfl.com/,
2026-04-22,Snowflake Laundry & Linen Services,https://snowflakelaundry.com.au/,
2026-04-22,Soilbuild Australia Sub-Trust No1,,
2026-04-22,South Pole Australia,https://www.southpole.com/,
2026-04-22,Spaceful,https://www.spaceful.com.au/,
2026-04-22,Stadiums Queensland,https://www.stadiums.qld.gov.au/,
2026-04-22,Stanton and Stanton (Services) Pty Limited,https://www.stantonandstanton.com//,
2026-04-22,Street Furniture Australia,http://streetfurniture.com/,
2026-04-22,Studio Nine Architects,https://studionine.net.au/,
2026-04-22,SumClimate Pty Ltd,https://www.sumclimate.com/,
2026-04-22,Summit Fleet Leasing and Management,https://www.summitfleet.com.au/,
2026-04-22,Suncorp Bank (Norfina Ltd),https://www.suncorpbank.com.au/about-us.html,
2026-04-22,Sussex,https://sussextaps.com.au/,
2026-04-22,Sustainable Business Consultants,https://www.sustainablebusinessconsultants.com.au,
2026-04-22,Sustainable Living Fabrics,https://www.sustainablelivingfabrics.com.au/sustainability,
2026-04-22,Swinburne University of Technology,,
2026-04-22,Sydney Environmental Group,http://sydneyenvironmental.com.au/,
2026-04-22,Sydney Opera House,https://www.sydneyoperahouse.com/carbonneutral,
2026-04-22,Sydney Relining Pty Ltd,https://sydneyrelining.com.au/,
2026-04-22,Taronga Conservation Society Australia,https://taronga.org.au/media-release/2019-01-29/taronga-gets-six-green-stars-and-goes-carbon-neutral,
2026-04-22,Tasman Environmental Markets,https://www.tasmanenvironmental.com.au/,
2026-04-22,Tasman Power WA,https://www.tasmanpower.com/,
2026-04-22,Tasman Rope Access,https://tasmanropeaccess.com/,
2026-04-22,Tecala,https://tecala.com.au/,
2026-04-22,Technology One,https://technologyonecorp.com/,
2026-04-22,Terrapin Puppet Theatre,https://www.terrapin.org.au/,
2026-04-22,Terroir,https://www.terroir.com.au/,
2026-04-22,Tetris Capital,https://www.tetriscapital.com/,
2026-04-22,The APP Group,https://www.app.com.au/,
2026-04-22,The Elements,https://www.element-27.com.au/#Home,
2026-04-22,The Energy Project,https://energyproject.com.au/,
2026-04-22,The Institution of Engineers Australia,https://www.engineersaustralia.org.au/,
2026-04-22,The Knight,https://www.theknight.com.au/,
2026-04-22,Today Strategic Design,https://today.design/,
2026-04-22,Tourism Australia,https://events.tourism.australia.com/australia-next-2024/,
2026-04-22,Treasury Corporation of Victoria,https://www.tcv.vic.gov.au/,
2026-04-22,Trellis Technologies,https://yourtrellis.com/,
2026-04-22,Tribeca Investment Partners,https://tribecaip.com/,
2026-04-22,Trovio,,
2026-04-22,TrustCapital,https://trustcapital.sg/,
2026-04-22,Unique Building Services,https://www.uniquebuilding.com.au/,
2026-04-22,UniSuper,https://www.unisuper.com.au/en,
2026-04-22,Uniting Communities,https://www.unitingcommunities.org/,
2026-04-22,University of Tasmania,https://www.utas.edu.au/latest-news/utas-homepage-news/true-to-our-values-university-of-tasmania-to-become-certified-carbon-neutral,
2026-04-22,Urbis,https://urbis.com.au/,
2026-04-22,Val.Ai,https://www.valai.com.au/,
2026-04-22,Virgin Australia,https://www.virginaustralia.com/au/en/about-us/sustainability/stewardship/,
2026-04-22,Viridios Group,https://viridioscapital.com/,
2026-04-22,Viva Energy Australia,https://www.vivaenergy.com.au/,
2026-04-22,Vulcan Energy Resources,https://v-er.eu/,
2026-04-22,Walker Wayland NSW,https://wwnsw.com.au/,
2026-04-22,Warakirri Asset Management,https://warakirri.com.au/,
2026-04-22,WAX Design,https://waxdesign.com.au/,
2026-04-22,Wentworth Capital,https://www.wentworthcp.com.au/,
2026-04-22,Western Sydney University,https://www.westernsydney.edu.au/,
2026-04-22,William Buck (NSW) Pty Limited,https://williambuck.com/,
2026-04-22,Wilson Asset Management,https://wilsonassetmanagement.com.au/about-us/,
2026-04-22,With_Architecture Studio,http://withstudio.com.au/carbon-neutral,
2026-04-22,Woollahra Municipal Council,https://www.woollahra.nsw.gov.au/news/articles/we_are_officially_carbon_neutral!,
2026-04-22,Woven Image,https://www.wovenimage.com/en-AU,
2026-04-22,Wyndham City Council,https://www.wyndham.vic.gov.au/,
2026-04-22,Xypex,,
2026-04-22,Yallamundi Farm,https://www.yallamundifarm.com.au/,
2026-04-22,Yarra Valley Cherries,https://yarravalleycherries.com.au/,
2026-04-22,Zephyr Environmental Pty Ltd,https://www.zephyrenviro.com/,
2026-04-22,Zilch Forwarding,https://zilchforwarding.com/,
2026-04-22,Zoos Victoria,https://www.zoo.org.au/fighting-extinction/sustainability,
